Mohab@Mohab.Mohab, -1898252988, Mohab
Mohab@Mohab.Mohab, -1068490489, Mohab
Hazem@Hazem.Hazem, -1028662041, Hazem
Mussab@Mussab.Mussab, 1571104202, Mussab
Aly@Aly.Aly, 1520634254, Aly
Adham@Adham.Adham, -1864176613, Adham
Ahmed@Ahmed.Ahmed, 467485437, Ahmed
Mohab@Mohab.Mohab, 821992564, Mohab
Omar@Omar.Omar, 23745840, Omar
Omar@Omar.Omar, -963889141, Omar
Hazem@Hazem.Hazem, -1978894979, Hazem
Momen@Momen.Momen, -152666977, Momen
Mussab@Mussab.Mussab, 1946047994, Mussab
Mussab@Mussab.Mussab, -1324695436, Mussab
Mussab@Mussab.Mussab, 188255003, Mussab
Aly@Aly.Aly, 1804077724, Aly
Aly@Aly.Aly, -789239905, Aly
Zaky@Zaky.Zaky, -1022301321, Zaky
Hazem@Hazem.Hazem, 964080301, Hazem
Momen@Momen.Momen, -1271670404, Momen
Momen@Momen.Momen, 633723962, Momen
Ahmed@Ahmed.Ahmed, -390719944, Ahmed
Mohab@Mohab.Mohab, -596929619, Mohab
Ahmed@Ahmed.Ahmed, -834052202, Ahmed
Hazem@Hazem.Hazem, -1134336828, Hazem
Adham@Adham.Adham, -1726680735, Adham
Aly@Aly.Aly, 47988408, Aly
Zaky@Zaky.Zaky, -452027641, Zaky
Momen@Momen.Momen, 1830554015, Momen
Omar@Omar.Omar, 1437134239, Omar
Amr@Amr.Amr, -1774408175, Amr
Amr@Amr.Amr, -1742223827, Amr
Omar@Omar.Omar, -490769650, Omar
Mohab@Mohab.Mohab, 1245493284, Mohab
Zaky@Zaky.Zaky, -195176930, Zaky
Momen@Momen.Momen, 10558507, Momen
Zaky@Zaky.Zaky, -1119010374, Zaky
Zaky@Zaky.Zaky, -2005154012, Zaky
Mussab@Mussab.Mussab, -1113766422, Mussab
Adham@Adham.Adham, 1320988009, Adham
Momen@Momen.Momen, 95303471, Momen
Mohab@Mohab.Mohab, -361171368, Mohab
Amr@Amr.Amr, -1338484830, Amr
Adham@Adham.Adham, 787891217, Adham
Zaky@Zaky.Zaky, 1933176412, Zaky
Aly@Aly.Aly, -4443266, Aly
Ahmed@Ahmed.Ahmed, 463794456, Ahmed
Ahmed@Ahmed.Ahmed, -1058056045, Ahmed
Mussab@Mussab.Mussab, -1710545897, Mussab
Aly@Aly.Aly, -2002175274, Aly
Omar@Omar.Omar, 823252035, Omar
Momen@Momen.Momen, -818604511, Momen
Mussab@Mussab.Mussab, 929337239, Mussab
Amr@Amr.Amr, -330210393, Amr
Ahmed@Ahmed.Ahmed, 946896829, Ahmed
Mussab@Mussab.Mussab, 588410676, Mussab
Aly@Aly.Aly, 2007517944, Aly
Mussab@Mussab.Mussab, -989692744, Mussab
Momen@Momen.Momen, 2074779460, Momen
Momen@Momen.Momen, 1138770437, Momen
Adham@Adham.Adham, 1067699130, Adham
Momen@Momen.Momen, 405059799, Momen
Ahmed@Ahmed.Ahmed, -1947923399, Ahmed
Zaky@Zaky.Zaky, -1383756523, Zaky
Adham@Adham.Adham, 959605570, Adham
Adham@Adham.Adham, 238660438, Adham
Amr@Amr.Amr, 1592942116, Amr
Adham@Adham.Adham, -1910918234, Adham
Aly@Aly.Aly, -1585938600, Aly
Mohab@Mohab.Mohab, 135156872, Mohab
Mohab@Mohab.Mohab, -1521022162, Mohab
Omar@Omar.Omar, 1725616703, Omar
Momen@Momen.Momen, -1657208152, Momen
Amr@Amr.Amr, -1099809207, Amr
Amr@Amr.Amr, -1551820635, Amr
Hazem@Hazem.Hazem, -2132139221, Hazem
Mohab@Mohab.Mohab, 638045505, Mohab
Zaky@Zaky.Zaky, -1308252044, Zaky
Mussab@Mussab.Mussab, -887792773, Mussab
Momen@Momen.Momen, 41972475, Momen
Amr@Amr.Amr, 2035965209, Amr
Adham@Adham.Adham, -1863269014, Adham
Ahmed@Ahmed.Ahmed, 1265912008, Ahmed
Zaky@Zaky.Zaky, -1785944832, Zaky
Adham@Adham.Adham, 1354313350, Adham
Omar@Omar.Omar, 1620444817, Omar
Aly@Aly.Aly, -757574076, Aly
Adham@Adham.Adham, -51492910, Adham
Aly@Aly.Aly, 278111430, Aly
Mussab@Mussab.Mussab, 697399507, Mussab
Omar@Omar.Omar, -1011881266, Omar
Adham@Adham.Adham, -1447151157, Adham
Hazem@Hazem.Hazem, -1988590984, Hazem
Mohab@Mohab.Mohab, -1667813093, Mohab
Omar@Omar.Omar, 873783015, Omar
Momen@Momen.Momen, 1582783885, Momen
Mohab@Mohab.Mohab, -575344095, Mohab
Omar@Omar.Omar, -1492989732, Omar
Hazem@Hazem.Hazem, 662932791, Hazem
Mussab@Mussab.Mussab, 823221880, Mussab
Ahmed@Ahmed.Ahmed, -1684267351, Ahmed
Aly@Aly.Aly, 908716681, Aly
Hazem@Hazem.Hazem, -1791790329, Hazem
Mohab@Mohab.Mohab, -857766604, Mohab
Amr@Amr.Amr, 586767323, Amr
Adham@Adham.Adham, 2026106398, Adham
Momen@Momen.Momen, -139239226, Momen
Hazem@Hazem.Hazem, -1572496338, Hazem
Hazem@Hazem.Hazem, -93397272, Hazem
Omar@Omar.Omar, -973568618, Omar
Zaky@Zaky.Zaky, 1420507781, Zaky
Hazem@Hazem.Hazem, -682302446, Hazem
Hazem@Hazem.Hazem, -809302299, Hazem
Aly@Aly.Aly, -236488334, Aly
Momen@Momen.Momen, -437958534, Momen
Mussab@Mussab.Mussab, 698554454, Mussab
Mohab@Mohab.Mohab, 2086548808, Mohab
Ahmed@Ahmed.Ahmed, 1069249848, Ahmed
Adham@Adham.Adham, -822012031, Adham
Ahmed@Ahmed.Ahmed, -1586658384, Ahmed
Aly@Aly.Aly, -1921304977, Aly
Amr@Amr.Amr, 1369039858, Amr
Momen@Momen.Momen, -1787696746, Momen
Mussab@Mussab.Mussab, -379968358, Mussab
Hazem@Hazem.Hazem, 2110536217, Hazem
Hazem@Hazem.Hazem, 1862393003, Hazem
Ahmed@Ahmed.Ahmed, 1655354972, Ahmed
Omar@Omar.Omar, 1518920149, Omar
Omar@Omar.Omar, 76962794, Omar
Mussab@Mussab.Mussab, 980164342, Mussab
Adham@Adham.Adham, 1922677657, Adham
Mussab@Mussab.Mussab, 1357303522, Mussab
Adham@Adham.Adham, -1668957204, Adham
Adham@Adham.Adham, 2000559975, Adham
Momen@Momen.Momen, 1926602168, Momen
Amr@Amr.Amr, 670400651, Amr
Aly@Aly.Aly, -1430509815, Aly
Mussab@Mussab.Mussab, -782097385, Mussab
Mohab@Mohab.Mohab, 18749509, Mohab
Ahmed@Ahmed.Ahmed, 1417179480, Ahmed
Amr@Amr.Amr, 2094813074, Amr
Momen@Momen.Momen, -1340706524, Momen
Hazem@Hazem.Hazem, -367903115, Hazem
Aly@Aly.Aly, 1807382043, Aly
Adham@Adham.Adham, -1424779845, Adham
Mussab@Mussab.Mussab, -37386962, Mussab
Amr@Amr.Amr, 1128156059, Amr
Zaky@Zaky.Zaky, -1923267995, Zaky
Aly@Aly.Aly, 1231314972, Aly
Aly@Aly.Aly, 1996056028, Aly
Momen@Momen.Momen, -35454028, Momen
Aly@Aly.Aly, -1864041202, Aly
Omar@Omar.Omar, -1179450319, Omar
Mohab@Mohab.Mohab, -2101609387, Mohab
Mussab@Mussab.Mussab, 437822428, Mussab
Amr@Amr.Amr, -1938692943, Amr
Momen@Momen.Momen, -564707621, Momen
Amr@Amr.Amr, -822705720, Amr
Ahmed@Ahmed.Ahmed, 875520727, Ahmed
Aly@Aly.Aly, -967179219, Aly
Mussab@Mussab.Mussab, -483115810, Mussab
Amr@Amr.Amr, -341705756, Amr
Aly@Aly.Aly, -1066434167, Aly
Mohab@Mohab.Mohab, -409667803, Mohab
Zaky@Zaky.Zaky, -778488991, Zaky
Hazem@Hazem.Hazem, -405092000, Hazem
Mohab@Mohab.Mohab, -342168706, Mohab
Mussab@Mussab.Mussab, 1361821313, Mussab
Zaky@Zaky.Zaky, -1452504975, Zaky
Aly@Aly.Aly, -2077671820, Aly
Aly@Aly.Aly, -1059952797, Aly
Mussab@Mussab.Mussab, -887184149, Mussab
Adham@Adham.Adham, -933000323, Adham
Zaky@Zaky.Zaky, -443461282, Zaky
Zaky@Zaky.Zaky, -406825078, Zaky
Hazem@Hazem.Hazem, 1601385299, Hazem
Adham@Adham.Adham, -28787237, Adham
Adham@Adham.Adham, -717531425, Adham
Aly@Aly.Aly, 137038443, Aly
Momen@Momen.Momen, 408696172, Momen
Zaky@Zaky.Zaky, -879580350, Zaky
Mohab@Mohab.Mohab, -2134389061, Mohab
Hazem@Hazem.Hazem, -1571775715, Hazem
Mohab@Mohab.Mohab, -2068984276, Mohab
Momen@Momen.Momen, -305311154, Momen
Zaky@Zaky.Zaky, 1604337725, Zaky
Ahmed@Ahmed.Ahmed, -173121055, Ahmed
Mussab@Mussab.Mussab, 1510972496, Mussab
Adham@Adham.Adham, -1952965376, Adham
Momen@Momen.Momen, 1507272368, Momen
Zaky@Zaky.Zaky, 1645606040, Zaky
Amr@Amr.Amr, 1218375381, Amr
Mussab@Mussab.Mussab, 138045755, Mussab
Hazem@Hazem.Hazem, -1922503193, Hazem
Ahmed@Ahmed.Ahmed, -1993230520, Ahmed
Momen@Momen.Momen, 401803648, Momen
Mussab@Mussab.Mussab, -988765880, Mussab
Aly@Aly.Aly, 384827062, Aly
Hazem@Hazem.Hazem, 1490746523, Hazem
Mohab@Mohab.Mohab, 1907718488, Mohab
